track_name,track_id,Danceability,Energy,Acousticness,Valence,Key
Headphones,487En8Tg4r6Na9wSOWyMEZ,0.58,0.869,0.00661,0.555,8.0
Supligen,0lkpaeVSkxoHf2bEUB1XeS,0.478,0.742,0.00143,0.231,0.0
Break Your Heart,1CdqVF1ywD0ZO1zXtB9yWa,0.663,0.892,0.00232,0.62,8.0
Truth (Dabin Remix),6BLOGv41SktD5DjhCcqwah,0.452,0.748,0.00762,0.183,8.0
Ghosts - Hermitude Trapped In Heaven Remix,5ROgGNMqsh5n2Puz9Ezm8a,0.745,0.439,0.0674,0.807,6.0
Sugar (feat. Wynter),4shgvM4ClrZeDiflNJwlGd,0.738,0.868,0.0371,0.202,1.0
Midnight City - Man Without Country Remix,00HFpTTjUHfMmJMZ6HiSHi,0.517,0.423,5.24e-05,0.111,11.0
Animals,6gp3RHhdZlrPGaf5qcgFSg,0.279,0.75,0.000188,0.32,4.0
The Sweet Escape,1q9siR3OqGFnTeqFxwzN1S,0.756,0.786,0.201,0.743,1.0
Price Tag,6ezyEFqZDgQUvxpaDv4jKO,0.638,0.846,0.0288,0.649,9.0
Make Up Your Mind - Original Mix,0SuTP5Ouag9wfROCsSYHaO,0.342,0.684,0.0931,0.479,0.0
Whatever It Takes,3nzL5CIQiCEt6jRt1AlQ9d,0.439,0.884,0.00678,0.503,0.0
Gold Dust (Flux Pavilion Remix),2TPEDo3bJrmhmDxB2Wi3Kw,0.645,0.808,0.00173,0.754,5.0
Good Feeling,3NcO4jGK1Opb5ea0mYLpxb,0.706,0.89,0.0588,0.671,1.0
Alone,2N2Mp4HjnYcmrZ2YqrKedy,0.553,0.861,0.00592,0.365,10.0
In For The Kill - Skrillex Remix,1oS15s7e3o4fJxpg9UR9ns,0.495,0.685,0.0684,0.52,8.0
Run This Town,5zz33Ev3mwKnpXI9IZ3a8K,0.509,0.92,0.279,0.441,1.0
Treat Me Right,6gLu0lGE1iuAhZaGIIi9dI,0.485,0.723,0.422,0.136,7.0
Chiaroscuro,143opsE9Bboqx6RskojZUa,0.387,0.727,0.152,0.151,6.0
Liquid Shards (Original) - Original,0mptj3TfqxEI36lkWHRCZc,0.621,0.795,0.00296,0.144,9.0
Killin' It,3rHFo3c176QQnZ3Ucdbp21,0.514,0.909,0.00113,0.222,11.0
L'Amour Toujours - Tiësto Radio Edit,2TcZ05FR0xQWZOaFWyRWUt,0.591,0.931,0.00763,0.174,3.0
Further Away,6bFLRvcOn4obBpHliIYeZJ,0.442,0.648,0.00143,0.0944,8.0
Blackout,2qJLp4SATqV1OP5IDN7SMl,0.529,0.739,0.233,0.184,7.0
The Home We Made Pt. II (Bonus Version),1XAQlg3R6XWvCgPYsxAWmy,0.613,0.77,0.00639,0.32,6.0
Take Me Home (feat. Bebe Rexha),7iT98FhZ7BAE8xdCxBlw55,0.571,0.903,0.0615,0.466,7.0
Dynamite,1DqdF42leyFIzqNDv9CjId,0.75,0.78,0.00622,0.819,4.0
"Check Yes, Juliet",5Vac8co5QPblcdlWbHSFsE,0.349,0.919,0.00415,0.295,7.0
Hold Me Close,5F7FWI7P3jMzO3yCz0jELg,0.627,0.902,0.000537,0.0445,4.0
Supernova,43B8RYTuBsUZOr5LwNMeYb,0.826,0.94,0.000407,0.743,7.0
Get By,59qiaXIrZMvor2T7fkupLp,0.521,0.91,0.00506,0.197,9.0
Prelude - Original Mix,5BnJmtivM2I6a6KqRZTaqS,0.798,0.858,0.184,0.367,7.0
Empathy,19MbwSLaYgAtyicNUMYYgl,0.367,0.974,1.57e-05,0.304,11.0
Cracks - Flux Pavilion Remix,4RUJy97KUspD5KOV8CO1GV,0.499,0.826,0.00095,0.416,9.0
Rise & Fall,7oGLmbwmHDLz2v5jNjFuRX,0.459,0.903,0.00053,0.137,10.0
Who Dat Girl - feat. Akon,7z73ehYAn9O1XP9XlCqVtd,0.719,0.616,0.00683,0.632,1.0
Set Free (feat. Yael),2b0S6dLLyTGot51JdoHNG9,0.776,0.783,0.00834,0.933,0.0
Boomerang,0seqAc1hq6Rzbqhe75MNvr,0.392,0.845,1.2e-05,0.225,7.0
AT2,1rP3rr0EmciZN1Dm9Yelz7,0.563,0.941,0.00167,0.19,5.0
Blu - Original Mix,6gUJHd24J2X6iLSVTxUTnf,0.499,0.73,0.0094,0.258,1.0
Scary Monsters And Nice Sprites,4rwpZEcnalkuhPyGkEdhu0,0.523,0.944,0.00336,0.32,7.0
Hey There Delilah,1NarGDteHRuDA9OfGyQ2MG,0.624,0.28,0.861,0.272,2.0
The Pillars of Creation,4Xhmtwwgs2iqxa0s1fFjD1,0.478,0.93,0.00147,0.101,9.0
Wop (Official Version),3zbnvxvqV5lL4Vq0FznWsX,0.836,0.817,0.00968,0.658,7.0
Whatcha Say,2zJZwWF7BTGIIvrAlgzJEx,0.615,0.711,0.0444,0.708,11.0
Written In Reverse,3awfuEyFxNCnCAhklyu4kU,0.476,0.792,0.005,0.282,1.0
I Could Be The One (Avicii Vs. Nicky Romero) - Nicktim / Radio Edit,591nHHHzZl1NLt9PMKpinM,0.509,0.79,0.325,0.606,6.0
A Reach For Glory,1uY4O332HuqLIcSSJlg4NX,0.601,0.713,0.00154,0.223,10.0
Colors - Audien Remix,3WtCu35qpzGCLIGa8pczdu,0.631,0.886,0.0622,0.674,1.0
DJ Turn It Up,4XoQykhNqEIqlEA6CuwsqL,0.829,0.695,0.000956,0.36,1.0
Alchemy,5ujmAC6yp9J29zNnq6BE5i,0.578,0.69,0.0304,0.252,2.0
Not Afraid,2JXlRVBgLHqhfphmjXyVBZ,0.857,0.948,0.497,0.67,0.0
Midnight Run - Flux Pavilion Remix,0OBUji3zA8FmlabyfkHyLU,0.481,0.974,0.000714,0.319,1.0
All The Right Moves,5XRHGXut00SrJUFmcn2lQF,0.53,0.95,0.284,0.738,0.0
Promises (feat. Nessakay),4bs7bgxoxnkPAiuGM4rpcp,0.476,0.737,0.0359,0.244,8.0
Relentless,58qbTrCRGyjF9tnjvHDqAD,0.585,0.736,0.00498,0.188,2.0
Back to the Pump - Tropkillaz Remix,2QQYl5j1E90a1HlfuTY5Xf,0.575,0.912,0.000241,0.273,4.0
No Love,7EAjG4SK1TpsZrtVnnGDsb,0.732,0.932,0.11,0.324,11.0
How Low - Album Version (Edited),1OTAh8d1KFAFmEeS32b3Aj,0.789,0.502,0.00318,0.36,11.0
Drop That Low (When I Dip),48kF7W23OIcVBsNY5UesuQ,0.579,0.896,0.00945,0.0911,5.0
We Come Running - Tiësto Remix,4uhRGMvNy1BYoiJByEHL93,0.664,0.768,0.00101,0.248,0.0
Don't Let Me Down,1i1fxkWeaMmKEB4T7zqbzK,0.532,0.869,0.157,0.419,11.0
The Great Divide - Seven Lions Dub Mix,5gaZEkMg6D9QuOnmAVpYVX,0.49,0.739,0.00201,0.184,1.0
Please Don't Go,6jg5SRvdGxvJ0DzNV0UqEK,0.699,0.882,0.00296,0.633,4.0
Ghosts 'n' Stuff,3ezkJgagRPZ39KCTrKcSI7,0.611,0.613,4.73e-05,0.454,8.0
Love Again,1Dnax0nwAz46IyAnljAXkh,0.564,0.889,0.0934,0.218,8.0
Higher,4RtI4NxSbTIxCMIjERsQ83,0.6,0.882,0.0345,0.743,6.0
Gold Skies,5vQIaNoKsT4xkG1j2KFBFs,0.562,0.815,0.00426,0.203,9.0
Gold Love - feat. Rosie Oddie,1MwnqTZQR89Y0LOLMJUceN,0.468,0.907,0.00169,0.0379,6.0
Going Under,3UygY7qW2cvG9Llkay6i1i,0.367,0.86,0.00744,0.463,11.0
Crank That (Soulja Boy),66TRwr5uJwPt15mfFkzhbi,0.732,0.724,0.511,0.801,0.0
Never Too Late,3HE50TVRquwXe9yv2HFoNL,0.433,0.778,0.00838,0.205,2.0
We Swarm,4IJUO9cdEvsHVDk52UZVHr,0.667,0.783,0.00584,0.394,7.0
Best Day Of My Life,5k31cAfP8yymw8v0AYQIjr,0.672,0.901,0.0545,0.51,2.0
Music in Me,3sSwdKGqxmpycfrRHY61Mf,0.474,0.939,4.52e-05,0.314,5.0
What You Know,6jrMVRReY24qzCfe1BRrww,0.556,0.763,0.000728,0.821,6.0
Running Man Challenge Song,715hsmXdbYZxrmdJP9boMJ,0.868,0.519,0.00732,0.844,6.0
Run,2wIC3jqtTK78zQMdj1DRLu,0.686,0.665,0.725,0.692,1.0
Finger Trvp,4Qlkh3gmpXGqYhNt1JPmtq,0.714,0.952,0.000946,0.474,5.0
Space Bound,4FX6ZSi5Hcb4aOZarFlIxH,0.656,0.878,0.035,0.522,0.0
Out The Blue - Radio Edit,7s239LkPiOKM5XGxgiYQpr,0.413,0.948,0.00758,0.342,8.0
Heartless,5h9pB5af60LWJBrG1HCHsU,0.787,0.635,0.0457,0.605,6.0
Sweet Shop,295nnPutAyvfXpVsfwJbga,0.592,0.886,0.00487,0.105,7.0
Summer,7b71WsDLb8gG0cSyDTFAEW,0.603,0.861,0.0215,0.72,4.0
Written in the Stars (feat. Eric Turner),5e0dZqrrTaoj6AIL7VjnBM,0.656,0.941,0.0694,0.518,7.0
The Nights,0ct6r3EGTcMLPtrXHDvVjc,0.528,0.852,0.0181,0.656,6.0
Light It Up (feat. Nyla & Fuse ODG) [Remix],40MkEbKzuSW9ET6HBngqnK,0.747,0.877,0.0375,0.763,9.0
If I Lose Myself - Alesso vs OneRepublic,1YDJ2f1JuKzYWZpRYiBYHu,0.516,0.79,0.249,0.136,2.0
Siren - Extended Mix,5cj8mnNuhZ4KZhxjSLTrQi,0.625,0.863,0.0997,0.423,0.0
Stronger On My Own,0LbWbOs355EmIMIJPmkum5,0.474,0.803,0.00314,0.363,9.0
Headlights,4gFh3BwE0uSu0noaPuYk89,0.694,0.777,0.172,0.487,11.0
First Of The Year (Equinox),5i7fZq3chLyCHo3VeB6goD,0.429,0.948,0.00711,0.561,5.0
Ecstasy,0wYVNC09iLBVIqHB07Hckt,0.658,0.878,0.135,0.908,8.0
End Credits,64I0O6ZipYryKte1cHA2EY,0.231,0.77,0.0101,0.105,1.0
Melodrama - Original Mix,0UCL4qy7w60uQGWUyEpdtw,0.482,0.506,0.00369,0.253,11.0
Forgotten,7kxM3UJwN6rHAW5kwdlAHK,0.626,0.942,0.0141,0.579,8.0
We Are The Sun - SAVOY Remix,4Rw8mKy2QVFYb3ZYnqBpPv,0.374,0.892,0.000609,0.0915,9.0
Give You Back Life (Swifty Song),36VsbiKzTGfjdZMyVos7b2,0.591,0.805,4.76e-05,0.138,8.0
Through The Night - Bare Noize Remix,3ln5b8DzOjoXHP5u89HYN1,0.515,0.865,6.5e-05,0.164,6.0
Sleepless - Original Mix,7owpI9kPFpz7qjIBfNC8F9,0.545,0.671,0.0343,0.0537,1.0
Parallel Lines,0QkkjAMR31mR08oJCf5ZWb,0.573,0.664,0.672,0.16,2.0
We Run The Night,792NyTUEYZD6jPAARVD9s9,0.687,0.866,0.00768,0.675,9.0
Bubblehead,4DvcGIfGhBIGI9ND2V6U9i,0.701,0.961,0.000246,0.553,9.0
Reaching - Original Mix,1zzjHoGaWqtZoUhkqSxnhS,0.549,0.974,0.0116,0.151,4.0
Lose Yourself - Soundtrack Version,33uuhMsavEjGWZ8of1dNIJ,0.703,0.728,0.00509,0.0661,2.0
Still With Me - Seven Lions Remix,1uy0MBpwxwAmNXbQZ197hK,0.242,0.881,0.0131,0.0629,8.0
She Will Be Loved,7sapKrjDij2fpDVj0GxP66,0.695,0.684,0.0593,0.528,0.0
Still Getting It,0kpMAq4SeMfl93tMqlCInk,0.591,0.956,0.00556,0.656,5.0
Heartbreak (Bare Noize Vocal Mix),2HFxvEw1uPkZ0vmfiNr9vZ,0.533,0.914,0.00234,0.236,4.0
Say Nothing - Hardwell & Dannic Remix,1Hg0gx6xMCZj5GiLUvWXHT,0.528,0.77,0.000912,0.203,7.0
Haunt You,61l4Cfs1gVrmrDNZuS5pez,0.525,0.887,0.00394,0.15,6.0
Bullet Train (feat. Joni Fatora),6lbhkPbkKj6jnPTt1FelVo,0.546,0.703,0.00797,0.205,8.0
Wake Me Up When September Ends,3ZffCQKLFLUvYM59XKLbVm,0.546,0.814,0.023,0.133,7.0
Flashback,4BcFmLv7C3SmYaTVOukEom,0.494,0.948,0.00207,0.188,0.0
We Found Love,0385HqYimoTQaHZP17KwG1,0.738,0.776,0.0234,0.628,1.0
Fangz,1sLEBnXrMKjozWSG5JjkYq,0.687,0.599,0.122,0.485,2.0
I Cry,4bZd0nRuX8HyjeXAUBczvm,0.693,0.822,0.00616,0.76,4.0
You Used to Hold Me - Laidback Luke Remix,4FFuWp6JTQdZK5a5G3GADX,0.706,0.919,0.00278,0.04,7.0
Who's Gonna Save Us - Original Mix,6tzOconzD4bSDhoEs1d2vg,0.514,0.818,0.000419,0.196,10.0
Lost in the Future,0Z99qIN6Vur4XDCI6ez7A2,0.397,0.865,0.00513,0.225,5.0
Whistle,0ltBH1JNzSvQJPjJpvTu9B,0.754,0.933,0.0199,0.735,0.0
Time of Our Lives,2bJvI42r8EF3wxjOuDav4r,0.72,0.802,0.0921,0.716,1.0
Too Late,3pjQbv6ZZO0JX8A0opiBeU,0.481,0.91,0.000997,0.358,11.0
Eat Sleep Rave Repeat - Remix,4ka8vSI2HuSWsYBYcGcQof,0.636,0.876,0.188,0.363,2.0
Fever,4MzGM692jKGkNSQ7qzeTaJ,0.609,0.674,0.00378,0.744,9.0
Angels x Demons - Radio Edit,00fyh6rdq1MskrFcae4efz,0.682,0.847,0.0536,0.514,9.0
Around The World,1pKYYY0dkg23sQQXi0Q5zN,0.956,0.795,0.00356,0.84,7.0
Slot Machine,7H7SZzXnWlJPcsIv5uISXw,0.794,0.959,0.0284,0.529,4.0
21 Guns,64yrDBpcdwEdNY9loyEGbX,0.268,0.742,0.0518,0.413,5.0
Nothin' On You (feat. Bruno Mars),59dLtGBS26x7kc0rHbaPrq,0.688,0.853,0.386,0.734,10.0
My House,6Knv6wdA0luoMUuuoYi2i1,0.688,0.702,0.0215,0.731,7.0
Red Nose,6Or2a4HxPTkZHeyqBnp2aY,0.827,0.517,0.479,0.717,11.0
Low (feat T-Pain),0CAfXk7DXMnon4gLudAp7J,0.918,0.609,0.0928,0.304,10.0
Twerk - Original Mix,5r14W16ijoqLwf0cGBeIii,0.324,0.844,0.00083,0.325,6.0
The Devil's Den,687RRToOFAtpqZRzmbhGtu,0.616,0.946,0.00075,0.332,1.0
Leaving You - Radio Edit,22qUyTlEvJf6DAlyQjMADe,0.638,0.74,0.0214,0.465,9.0
Too Close,4sK96UnGx3NjBaqvfTG2dm,0.579,0.731,0.0137,0.289,11.0
As The Rush Comes - Gabriel & Dresden Chillout Mix,2e2heYBbXWRsDsUtTIVIaF,0.492,0.715,0.217,0.164,7.0
Cleanin' Out My Closet,2Vyny7HMXDxIw4NqqkViAn,0.907,0.756,0.0816,0.901,9.0
I Run This - Original Mix,6Ul1QbGgR9PqS9Sj2eci82,0.706,0.899,0.00412,0.799,7.0
Light It Up (feat. Heather Bright),5tq5d4HznUEVS8jYxxRiVe,0.358,0.77,0.00173,0.213,9.0
Hell & Back,0FsPxILNGMIKCb9OACFNt6,0.597,0.545,0.339,0.347,8.0
Legends (feat. Kalibwoy) - Original Mix,39eP8XKgF9jchwi6cPIxPl,0.647,0.856,0.0225,0.667,11.0
Last Jungle,2kDVDefTovXooa3OiLRR4H,0.477,0.76,0.00152,0.0518,5.0
Mountain Sound,60ZGteAEtPCnGE6zevgUcd,0.395,0.896,0.0513,0.35,1.0
All I Ever Wanted,149kdyQwLdqHBjXbbNS7FY,0.552,0.907,0.0525,0.57,2.0
Don't Stop the Party,2tdseeP2TePM98X6Jcwf1C,0.714,0.952,0.0073,0.958,4.0
Forever Young,4S1VYqwfkLit9mKVY3MXoo,0.489,0.483,0.42,0.334,9.0
The Drop,3xIwnKhZxWxKcecqrfXBJj,0.689,0.879,0.104,0.544,0.0
Hot Pursuit - Dead Battery Remix,19ayyJLKWE9fTMrDBPzsg8,0.555,0.938,0.000855,0.165,11.0
Watercolour,5ami95W9OOWQPwrBb5tud5,0.421,0.896,0.000174,0.183,5.0
Hold On - Sub Focus Remix,6pazDyDn0XF0te3wSjozhC,0.382,0.928,0.00676,0.0571,7.0
Numb/Encore,56CShFBzzmlevmTIkXRCCr,0.684,0.787,0.0548,0.765,2.0
Nothing Inside,2MU2PKI25tg0PM7SSnxvka,0.412,0.737,0.0346,0.392,9.0
Show You - Original Mix,0wlG1xpRozHe3jmIzK5Nhm,0.488,0.926,0.0161,0.346,7.0
Raindrops - Flinch Remix,4X3VVecJOhRO1TXThYNY2x,0.57,0.918,0.00579,0.467,7.0
"Boulevard Of Broken Dreams - feat. John Gallagher Jr., Rebecca Naomi Jones, Stark Sands, Company [Album Version]",41pFyxOpS119Pb8JEzhx0w,0.417,0.647,0.0569,0.331,8.0
Secrets,1NhPKVLsHhFUHIOZ32QnS2,0.515,0.767,0.098,0.393,2.0
Brainless,5jPMcL5mNq82zfRVplSpxG,0.71,0.938,0.166,0.573,9.0
For the First Time,09ZcYBGFX16X8GMDrvqQwt,0.396,0.629,0.0328,0.364,9.0
Stars Come Out - Terravita Remix,0BflAoJWDrnEkHbaO5KwXP,0.63,0.871,0.000569,0.458,5.0
Give Me Everything,3QFbOgWOqXEtOD02FMcX7K,0.673,0.934,0.161,0.486,3.0
Sleepless - Radio Edit,15uFqHGAOvaGCqikvgiW6w,0.722,0.635,0.141,0.532,6.0
What,4umWM9ajmlpIOP5UnxTgnF,0.55,0.975,0.000258,0.322,2.0
Five Hours,6zlOUIqcU6juXFww9UNpJK,0.88,0.821,0.0197,0.576,5.0
Ghosts 'n' Stuff - Nero Mix,1cQVQ3a5ivU9NVkr1nUvES,0.491,0.536,0.000238,0.0571,3.0
Apologize,1NrJYpdAi7uosDRPmSYrsG,0.59,0.731,0.334,0.502,8.0
Wake Me Up,4h8VwCb1MTGoLKueQ1WgbD,0.518,0.784,0.00346,0.609,2.0
Cyclone,27mhCGdAA8gM7b33KIiB3k,0.641,0.72,0.0102,0.574,11.0
In The Ayer (feat. will.I.am),6RpiAj9Ofv0Uqp6n2OuRoh,0.83,0.746,0.00456,0.652,5.0
I Will Never Let You Down,2ia7iiEtpiOL2ZVuWxBZGB,0.753,0.801,0.403,0.787,4.0
Ain't It Fun,1j8z4TTjJ1YOdoFEDwJTQa,0.61,0.893,0.154,0.666,9.0
Right In,1LV5G400jD3Ytvyv6Dlkym,0.636,0.802,0.00631,0.334,2.0
Whole Heart,4Z1t1aMRif8ES212kTN8H2,0.5,0.677,0.0427,0.208,9.0
"Hey, Soul Sister",0KpfYajJVVGgQ32Dby7e9i,0.675,0.885,0.217,0.775,1.0
Time Bomb (feat. Veela),6U7VUPf8d3K1dY0UNMdDXS,0.336,0.81,0.000479,0.222,11.0
Some Chords,1zFl7vjNX3JJ3gQR2vM3LU,0.788,0.423,5.37e-05,0.392,1.0
Feel So Close - Radio Edit,1gihuPhrLraKYrJMAEONyc,0.707,0.924,0.000972,0.924,7.0
Thunder - Original Mix,092dz2yORKaJpC05ZlN9ME,0.661,0.885,0.00655,0.23,7.0
All I Ask Of You (feat. Pennybirdrabbit),1A3XPibNuMPTbTWlPgRfTD,0.774,0.909,0.0173,0.699,9.0
Janky,1CznhEsRgvhCjT2aw0e6f1,0.809,0.67,0.0288,0.496,1.0
Evacuate the Dancefloor - Radio Edit,1fvD4tBLGypUG0Tg2nHHus,0.76,0.694,0.0195,0.896,0.0
Lost in You,1uiwlmWedlNpzAxDSRGqdK,0.434,0.868,0.0199,0.371,9.0
Summit (feat. Ellie Goulding),1SbqxemPdwGlvmirtQVkCU,0.692,0.773,0.226,0.481,6.0
In My Eyes - Original Mix,1SCpAAw3towOivp0UoNiV1,0.509,0.802,0.0194,0.218,0.0
It's Time,6BtmXhTJMM9sBTHeYYASGz,0.656,0.879,0.0178,0.902,2.0
Acrylics,3GV1T0k3QDPKdZgdQUWiZc,0.632,0.845,0.00926,0.15,11.0
Thundergun,2XbF32Nwvi5Kz7BRR4cIGz,0.527,0.846,4.76e-05,0.0631,2.0
Good Life,6OtCIsQZ64Vs1EbzztvAv4,0.636,0.699,0.0929,0.642,6.0
Sweet Nothing,24LS4lQShWyixJ0ZrJXfJ5,0.573,0.929,0.197,0.584,8.0
Forever - Album Version (Edited),2wDz70kiUyVKNSusLt7CNL,0.466,0.923,0.259,0.523,5.0
Probable Cause,7gv0mCxWB0XPZOpw7NZr2N,0.626,0.766,2.75e-05,0.331,5.0
Blind Faith,04OxTCLGgDKfO0MMA2lcxv,0.454,0.854,0.00416,0.38,9.0
I Can't Stop,03EuhmMsEHVFI9ytainStU,0.513,0.775,0.000672,0.211,0.0
Interplanetary - Original Mix,2gGIKneJlUPPJEOjhufEb1,0.557,0.971,0.0575,0.116,9.0
Many Ways - Radio Edit,0aBDrRTgDCwWbcOnEIp7DJ,0.581,0.64,0.0266,0.283,5.0
Empire State Of Mind,1tSjFlsXMVAyjmMRGxj2Lc,0.476,0.956,0.0246,0.794,11.0
Maps,0tJGzJjUVlEsn8s3Mn32Jb,0.737,0.723,0.0179,0.879,1.0
Rap God,35DgXvG6UmY7t8Oo7Puiq7,0.704,0.841,0.393,0.624,7.0
Coming Home,6ZuS5RntipgpizPwjdQ86V,0.351,0.832,0.17,0.225,7.0
Bring Me To Life,0COqiPhxzoWICwFCS4eZcp,0.316,0.945,0.00895,0.303,4.0
Jah No Partial (feat. Flux Pavilion),6MqW785UN5QF9UZ6ocL5s9,0.584,0.938,0.000501,0.39,6.0
Lines in Wax (feat. Foreign Beggars),40jr6hmQNFJFGjllxEFMPX,0.657,0.958,0.00187,0.695,11.0
Graduation,5Ws6jxX9qRFJHHsXN71RXI,0.428,0.689,0.00315,0.0501,7.0
Dum Dee Dum,5BRrBkpj0An7PViNqMCoGa,0.755,0.891,0.273,0.517,7.0
Cozza Frenzy,0hXHaInitAHX93BwakWT3k,0.521,0.961,0.000348,0.228,1.0
In The Beginning,2WYkDJcSDSRoTWvylucBf4,0.675,0.85,0.00655,0.0605,1.0
Don't You Worry Child (Radio Edit) [feat. John Martin],2V65y3PX4DkRhy1djlxd9p,0.612,0.84,0.112,0.441,11.0
I Don't Wanna Love You,0nq0Uc8fH2KXrOvoDP9Ppz,0.54,0.658,0.0215,0.27,4.0
Monody (feat. Laura Brehm),3VvBPkc24zC7x05mgJTyGO,0.53,0.69,0.114,0.217,1.0
I Just Wanna Run,2S4CfxZG29GZWwDeMtBq2R,0.669,0.667,0.00769,0.684,4.0
Lord Knows - Album Version (Edited),5bNmq4OYWW0biHGJp6MA55,0.358,0.877,0.0625,0.308,5.0
It Will Rain,4rMNgxEwGWoPHIUcvB5BrB,0.574,0.824,0.359,0.443,2.0
One Dance,11hqMWwX7sF3sOGdtijofF,0.776,0.624,0.00849,0.349,1.0
Everyday - Netsky Remix,3xcv3R9LGJkprp0EOQvdNt,0.327,0.933,0.000346,0.102,2.0
Someone Like You,4kflIGfjdZJW4ot2ioixTB,0.559,0.33,0.892,0.28,9.0
Magic,500h8jAdr7LvzzXlm1qxtK,0.394,0.589,0.346,0.735,9.0
Just Can’t Get Enough,3JA9Jsuxr4xgHXEawAdCp4,0.483,0.648,0.187,0.238,0.0
My Eyes,4gMIZhJUOCjmQxo1fwhhnK,0.376,0.954,0.000129,0.034,1.0
Keep Moving - Original Mix,34SeXRsXqAQPMCW9X1Gdzs,0.585,0.89,0.00717,0.427,5.0
Battle Scars,0gAvViUcru8Qsl40BS4SvH,0.517,0.811,0.186,0.497,5.0
Act Like You Know - Dubstep Mix,7wNtcpvxS7xU1apfK46bSD,0.564,0.895,0.00473,0.157,11.0
Candyman,0NWQTyapmz4GuDTSN9xTB7,0.573,0.875,0.0232,0.24,2.0
Pretty Girls (feat. Travie McCoy),3Ju48PMNQkAGxjJCbWcfeM,0.647,0.749,0.0386,0.659,8.0
Love Somebody,0HnaqUxvHP5LaWdmWwJpiS,0.675,0.764,0.142,0.477,1.0
Faces,6CLuXOJNHuLVAbhUP5XWFM,0.546,0.804,0.00183,0.38,1.0
Welcome to the Black Parade,5wQnmLuC1W7ATsArWACrgW,0.217,0.905,0.000289,0.225,2.0
Keep You Much Longer,1kiAXXEYooMvsFWyYaDhof,0.713,0.945,0.148,0.568,0.0
Killer,2LYAG9jlH9rul11nalRxR0,0.644,0.84,0.153,0.937,0.0
Journey's End,4jIzCryeLdBgE671gdQ6QD,0.628,0.744,0.0817,0.215,11.0
Rhythm Of Love,6MDTpYxPFL0wtFd0pjfKws,0.531,0.542,0.356,0.73,8.0
Light Up the Sky (feat. Dani Ummel),7lLChLp64BrRm40WATYPrE,0.607,0.845,0.000634,0.375,5.0
Yeah!,5rb9QrpfcKFHM1EUbSIurX,0.894,0.791,0.0183,0.594,2.0
Count On Me,5XmKJXidSzQC2aUk35oLyt,0.675,0.902,0.12,0.592,7.0
Secrets - Radio Edit,6eE5LWw0DpIbTOdKwDUoE8,0.662,0.81,0.00127,0.21,11.0
Make It Bun Dem,6AbVJjzv7thIvmMCuhZrmK,0.556,0.881,0.00119,0.336,7.0
GString,3p1vmXEMvcESM36eFG8dUU,0.569,0.891,0.0804,0.307,5.0
Awake and Alive,0nkzd3yNniB767zSDDdLZ3,0.434,0.939,0.0425,0.565,4.0
Freeway - Flux Pavilion and Kill The Noise Remix,2bdR4MKUcVfaZtu6Kv7BXt,0.573,0.746,0.0718,0.156,7.0
Comin’ In Hot,37dtTlCf5Zwspc1zyDq5Xg,0.714,0.746,0.0211,0.437,2.0
Strangers,2U0pVx4m1Kdm1Gsjjm6iq8,0.577,0.691,0.0134,0.489,0.0
Heroes (we could be),0YzCQcsgj6KqwBHVx1mZrH,0.509,0.752,0.0334,0.355,5.0
Shotgun,2LGfcxG9LcDOxnltIPE1Zq,0.664,0.907,0.0129,0.231,4.0
Just The Way You Are,24lMtPOCzP5g4hrg3NklLa,0.637,0.843,0.0151,0.441,5.0
Fortune Days,5VWVVSABdgccboSdrKGiZH,0.598,0.67,0.383,0.188,1.0
Puzzles - Radio Edit,1sZnQFDHBNr3BRa89NnKo9,0.569,0.844,0.0189,0.256,4.0
Got 2 Know,2JPxMMWWLPz50bLqdfxgjg,0.659,0.757,0.0111,0.487,7.0
It's Time - Original Mix,0hAR6VcN5P1klbHiZmDMJc,0.744,0.806,0.00774,0.468,5.0
Wing$,5n5uyFpfopa4mNdSN0gTaH,0.4,0.602,0.353,0.0983,7.0
In My Head,0TyOpxlWwDx98bjkIVHUgY,0.762,0.748,0.0266,0.837,0.0
Days to Come,0v945WRZhamHsBBqbpW4LH,0.467,0.723,0.117,0.208,0.0
Bangladesh,3VAQszqfFMuR7jJSpfwPsN,0.525,0.929,0.00543,0.231,1.0
2012 (It Ain't The End),1ERCOXHQcoLSTlgmNTlcrR,0.718,0.801,0.226,0.546,0.0
Vision,5LovPZMS579wYfjuapGGHz,0.703,0.892,0.00305,0.227,5.0
Mockingbird,73xxwkPv3hR2v2Z3Yq8bM0,0.63,0.671,0.211,0.225,4.0
Hall of Fame,1X1DWw2pcNZ8zSub3uhlNz,0.421,0.873,0.0653,0.639,10.0
Do Or Die - Afrojack vs. THIRTY SECONDS TO MARS Remix,2hr7myxuDCoXsKyVfh4ue0,0.568,0.889,0.0348,0.201,2.0
Iris,6vrUTGn5p8IrfTZ0J6sIVM,0.291,0.79,0.00133,0.493,11.0
Lightning (feat. John Rzeznik),2n2lLRax8VZpqysfKGHKZy,0.51,0.785,0.0284,0.159,7.0
Mad - Promo Version,4khAZaVsqoaSZfnJNRv2Wi,0.2,0.732,1.51e-05,0.0328,11.0
Satisfaction - RL Grime Remix,68J8vrLOTrUUOzaPLtWOHi,0.783,0.999,0.129,0.125,11.0
Anchor,69mlHIPayAZVzC32RaVty5,0.536,0.832,0.00768,0.155,8.0
Liberate,6X0WsSsMMwam5AzVxlUUzo,0.515,0.877,0.0024,0.444,5.0
Exogenesis,7lZni8yv8FMx7120C7uF1V,0.559,0.915,0.00111,0.0531,6.0
Wildfire - Radio Edit,4dSUq6XjY2Z7X3IdyR0Aig,0.547,0.746,0.0111,0.115,6.0
Vava Voom,0fTFmyy8AwWHiRoDgTh80w,0.537,0.97,0.000401,0.163,7.0
Otherside,3CeYdUfGPCjKMDYyI1PpCh,0.458,0.795,0.00316,0.493,0.0
Monster (DotEXE Remix),5KmhARDh8FEU3Lj2UKYwqU,0.645,0.741,0.288,0.414,6.0
Surrender,3rwdcyPQ37SSsf1loOpux9,0.542,0.894,0.0236,0.289,1.0
Right Now (Na Na Na),1ARJhjuI6TNYZCxYygFQ4F,0.816,0.851,0.283,0.558,8.0
Can't Get Enough - Radio Edit,64HH8QusEYZYm3wZEplgn9,0.584,0.86,0.118,0.117,6.0
Wonderwall,4w7RuuQAVP0JXlAom3z1aC,0.41,0.893,0.000714,0.674,6.0
Playground [feat. Bugle & Arama],592Ln8BTUH0wFK0jQZWZId,0.569,0.676,0.0917,0.784,11.0
You Used to Hold Me,4kpDB9E9RvdZs5lRgXayAx,0.628,0.97,0.022,0.172,11.0
Sex Apeal (Max Farenthide Remix) (Feat. Mike W.),15zhoCCzmWbxLPtP5l6I6B,0.805,0.835,0.00278,0.948,7.0
Lights Down Low,0hkR93a0LriV2CQUhSXw3h,0.717,0.858,0.0694,0.688,7.0
Evil Beauty,4FXj4ZKMO2dSkqiAhV7L8t,0.652,0.581,0.337,0.459,9.0
I'm A Drum Machine - Radio Edit,4I04xFY8Zb2BtL9PJB83rP,0.779,0.976,0.000251,0.557,6.0
Cinderella Man,0cc9bwqbJ4Y3DsJr2GRAz3,0.644,0.915,0.218,0.664,8.0
Here Again (feat. Veela),4J3MSIOc9iRKlLjMIz86eq,0.73,0.553,0.0359,0.294,8.0
Piece of Me - JKAY Remix,50ju2h9EUXaFB5f7ajOrfT,0.752,0.658,0.00131,0.781,1.0
I Know You Want Me (Calle Ocho),5RzFJd6W40SDTyZkX6xx45,0.82,0.731,0.0133,0.805,9.0
Rain,2YfVXi6dTux0x8KkWeZdd3,0.516,0.545,0.146,0.204,7.0
Let It Be (feat. Veela),4ChBLndekjzQveHPsn3r6W,0.518,0.584,0.0134,0.173,3.0
Axel F - Radio Mix,54mXTdOfNN7YYma1iRW3WY,0.864,0.908,0.297,0.804,2.0
Hypest Hype,5BGTfgBLQAhfFXIGSFsFz5,0.622,0.951,0.00144,0.512,2.0
Freaks,4345xChUKIjeIyGPSYX6XA,0.617,0.925,0.001,0.836,4.0
Standby,4is6Z7ZZkQKxezliMAVah7,0.604,0.932,0.00687,0.308,11.0
Guns and Roses (feat. P!nk),135LJjySt93VCJfg2eCdeI,0.273,0.857,0.0842,0.43,1.0
Monster Dubstep (feat. Meg & Dia),1Nhpl3nS1C1Ognzy8q46dM,0.366,0.813,0.0795,0.297,0.0
My Name Is,2fy3rYGfYeY24CDPtlQdPq,0.801,0.734,0.0613,0.806,9.0
Feel So Close - Nero Dub,29CUH1oudJKhTZx1sWSRIu,0.218,0.701,0.000267,0.0551,2.0
Dead And Gone - feat. Justin Timberlake,4CT0sNfZF2h3f7YlWxLpmd,0.712,0.748,0.0458,0.405,0.0
Raise Your Weapon,6CY8FegdChgsMU2EhKkXPy,0.507,0.696,0.0155,0.0679,1.0
Are We Happy Now?,4ME2s6l7VNi18wY7pgwbDE,0.465,0.675,0.0456,0.563,5.0
Bounce - Radio Edit,36cmM3MBMWWCFIiQ90U4J8,0.779,0.963,0.0334,0.756,2.0
I Still Can't Stop,2ClWt2RN5FdNthxgR2VRDF,0.661,0.855,0.000847,0.137,0.0
Cooler Than Me,2DPYlWl50ydYsnnuryL5aX,0.837,0.515,0.103,0.766,7.0
Take Ü There (feat. Kiesza),6XptOuDraarGwkisvMpZj5,0.542,0.879,0.0523,0.118,6.0
Headlines - Edited Version,3pVYaDSQ4z0RIrxXQOzbR9,0.669,0.532,0.381,0.434,6.0
Apollo - Radio Edit,5v54ZQ0glzbB9XUPTaX0cj,0.56,0.742,0.015,0.27,9.0
Oh No,2Vq1ag1tOZIIUN2mH5WZa6,0.518,0.892,0.000531,0.235,0.0
Horizons - Original Mix,4VZyqUe1h42DvYSlDFIiQP,0.248,0.689,0.0029,0.278,8.0
Dicks out for Harambe (Remix) [feat. Baked Alaska],1teaQnt8eVGBy0DoLZJulu,0.738,0.69,0.102,0.568,0.0
Moar Ghosts 'n' Stuff,2lXzgU19U9cSZLJtawjob6,0.903,0.648,0.000105,0.355,5.0
Jumpman,6ApJN7sbsgAKwO29JbSLiK,0.859,0.563,0.0595,0.66,1.0
The Music's Not Over,4gjVjSHvFdzgOTEy2MloqU,0.483,0.924,0.00735,0.443,1.0
Legacy - Radio Edit,4IWLawtdMznqdOnbOR9cWW,0.586,0.706,0.0609,0.18,0.0
Mountains and Molehills - feat. Turin Brakes,2I0G8OVqgjLvY5fBC9Qc0J,0.595,0.763,0.0105,0.038,4.0
Ghosts - Extended Mix,5yH1lUTtIVIQAtKpvIEM5J,0.574,0.875,0.000351,0.516,11.0
Thinking About You,1KtD0xaLAikgIt5tPbteZQ,0.725,0.874,0.00262,0.74,0.0
Frame of Mind,1CRESO4AuKm5B5Lqodk7t9,0.435,0.727,0.0424,0.403,1.0
Sweet Escape,6vPJvkEuWZPcv58NnQ3dBR,0.571,0.846,0.0876,0.474,2.0
Intelligence - Original Mix,2bBpASy4X678fjVk5LQr9S,0.534,0.936,0.0279,0.289,7.0
Lights - Bassnectar Remix,3nPpCn5nYTMg0ajmzv57Jq,0.529,0.809,0.00422,0.325,1.0
Hysteria,3gGwor936FHfDVaNNlGYwl,0.565,0.694,0.00315,0.46,11.0
Tropicana,5ovKMrenMOvhyEcMWmLnZj,0.542,0.805,0.267,0.313,9.0
The Drift,14JJgiD5VDRpMOuTm9AE5J,0.536,0.712,0.0649,0.704,1.0
Rise & Fall (feat. Krewella),5yQmKyKEdjtxFDPIK9mFLn,0.513,0.819,0.00224,0.445,5.0
Valkyrie (feat. Laura Brehm),4IGN2WR0gGPKxCdlEsR7Wp,0.43,0.663,0.0172,0.191,10.0
Reload - Vocal Version / Radio Edit,5jyUBKpmaH670zrXrE0wmO,0.487,0.722,0.0766,0.414,4.0
Blue,5pXXTubAeE6K72UH94kKzJ,0.399,0.63,0.00084,0.0377,4.0
Feel Stronger,51lw0kzOKi4K3uRGj7K5HK,0.162,0.869,0.000196,0.0498,4.0
Vice,1yFhsKboncOUUXhRAqcWd2,0.553,0.938,0.000276,0.0333,11.0
Find You,4e1V6XqJ0GbagtTaI6ytUS,0.532,0.792,0.027,0.381,3.0
Little Too Close (feat. Veronika Redd),3DRDBFh14bHqSttHxYJFF7,0.654,0.749,0.0313,0.354,10.0
Here Without You,3NLrRZoMF0Lx6zTlYqeIo4,0.536,0.55,0.0537,0.227,10.0
Stereo Hearts (feat. Adam Levine),0qOnSQQF0yzuPWsXrQ9paz,0.646,0.795,0.0319,0.791,9.0
Dusk to Dawn,29mwaZVWzTiVgou4ghU1xT,0.497,0.851,0.000298,0.261,6.0
Keep on Dancing,2zur5fqnOPxukSi1YuoK5s,0.558,0.86,0.000617,0.376,10.0
You Know You Like It,57kR5SniQIbsbVoIjjOUDa,0.426,0.722,0.0113,0.235,5.0
Turn Me On,28XFFzVPXs3kzXOERhz3wU,0.477,0.846,0.00792,0.0786,6.0
City Lights,1sYClIlZZsL6dVMVTxCYRm,0.625,0.829,0.0155,0.387,0.0
Need Your Heart (feat. Kai),2L7plRhGDguuuM9J1u5R7x,0.41,0.712,0.00512,0.17,7.0
I'm Yours,1EzrEOXmMH3G43AXT1y7pA,0.686,0.457,0.595,0.711,11.0
Let's Go,4wkQmYpAaMe41Rc3sYZ7Vz,0.71,0.882,0.00777,0.858,4.0
On The Road,1bAIb7gx8wiOyzDV5Uhlqb,0.456,0.387,0.793,0.5,0.0
Red Step,1GcaJ6MZs2UzWlhDCFNbMD,0.686,0.98,0.000179,0.18,1.0
To The Sky - Original Mix,59zAd7yrbjSpwKS8oP9RKc,0.505,0.868,4.71e-05,0.363,5.0
Headcase,0Y6Oy9zaBiikNI4mS3jfEp,0.724,0.642,0.0159,0.0718,1.0
The Hills,4S73p2PcSonb5wbXIcanqv,0.587,0.565,0.0646,0.14,0.0
Haven't Met You Yet,4fIWvT19w9PR0VVBuPYpWA,0.615,0.733,0.152,0.803,8.0
Buzzin,0wpbWr0vI9mIV6WpO5CqPi,0.723,0.949,0.132,0.598,7.0
One Trick Pony,56WVULdTfBLm31VzVHXKeV,0.684,0.679,0.000602,0.0967,10.0
Make My Whole World,3krehk8mqui3G2AeotY0HV,0.641,0.95,5.83e-05,0.245,7.0
Midnight Run,69oUjxmpalaTk74WVx8OXI,0.546,0.83,0.157,0.521,5.0
Loud Pipes,5ZrrXIYTvjXPKVQMjqaumR,0.718,0.703,0.109,0.86,7.0
When I'm Gone - Album Version (Edited),1CvCdoP0Dqx8qrdt2ZdMH6,0.64,0.736,0.0502,0.739,10.0
All The Above [feat. T-Pain],5nZ4TYZawJz8A9nHg2rLNS,0.373,0.886,0.0817,0.384,8.0
Gold (feat. Yuna),2KlZexJjJPuNWcN5uAG1GU,0.479,0.675,0.0319,0.18,9.0
Jackie Boy,5Pr0TW20B5zyznKFlPzteu,0.391,0.78,0.354,0.458,3.0
Welcome To My Life,714Lw0m2SmCEhKSPw0Dn8J,0.421,0.858,0.0134,0.513,1.0
Ice Box,395XEoHgVQ1r7YYZhOa76N,0.746,0.509,0.000549,0.371,1.0
Already Gone,7ceIquYtiTYlgSSm7PqUf9,0.209,0.872,0.217,0.292,9.0
Sandstorm - Radio Edit,3XWZ7PNB3ei50bTPzHhqA6,0.494,0.99,0.0936,0.645,11.0
Ridin' Solo,7ksYJ95P5vP87A0GH34CIk,0.442,0.83,0.128,0.59,9.0
City Of Lights - Official Radio Edit,7bxnKAamR3snQ1VGLuVfC1,0.428,0.922,0.0766,0.193,2.0
Find Yourself - Radio Edit,11aaEsw25frPMj9hszZy2q,0.57,0.596,0.000764,0.378,7.0
Red Lights,6oP02i1hRc3Qp9bd36Ya3Z,0.654,0.811,0.000626,0.557,10.0
Lighters,0pSIJCxYqZNIZBTAnIXOkv,0.628,0.659,0.328,0.154,0.0
Bangarang (feat. Sirah),6VRhkROS2SZHGlp0pxndbJ,0.716,0.972,0.0145,0.566,7.0
Daydreamer (feat. Example) - Extended Version,32umxnWHwaBbAebfg8qHE2,0.555,0.885,0.0033,0.443,9.0
Headstrong,1CQi878MywIlm0FQfbCTvk,0.619,0.894,0.000176,0.517,4.0
Ice Cream Truck,0eYodayhfgKp2KZg42DpPo,0.376,0.803,9.45e-05,0.369,7.0
You Found Me,4IoYz8XqqdowINzfRrFnhi,0.338,0.803,0.0187,0.398,8.0
Cinema - Skrillex Remix,6jNM6fKx3WnyHbWBI9hs2r,0.635,0.983,0.00901,0.422,6.0
Daylight,6TwfdLbaxTKzQi3AgsZNzx,0.658,0.651,0.00344,0.385,2.0
A Dream Within A Dream,5IG2ks1wL6nm0efZGpRNPN,0.606,0.774,0.103,0.149,5.0
Spectrum,1dFkD1JfRMzwO6hwUsE8aS,0.616,0.795,0.0204,0.49,0.0
When the Beats Drop,0bLiYm0pTdsijVQoSKIeeM,0.452,0.892,0.000781,0.254,7.0
Dare You - Radio Edit,7LGrlydlwonTN6iz8x5ASe,0.456,0.89,0.0169,0.182,9.0
Butterfly,319WTcspJN65Lb27fVbjkc,0.33,0.632,0.00246,0.0395,8.0
Animal,5tRZJO2Tc3sxnPD1KiPka3,0.752,0.795,0.0794,0.415,1.0
All Night,15iosIuxC3C53BgsM5Uggs,0.6,0.905,0.00274,0.626,1.0
DJ Got Us Fallin' In Love,5tXyNhNcsnn7HbcABntOSf,0.666,0.878,0.03,0.67,7.0
Get It Now,7lA60IFzUokfaUExuh9WEN,0.625,0.878,0.000186,0.298,5.0
Scatta - feat. Foreign Beggars & Bare Noize,2HN8Y2Mkp9xikxGR9VJXoa,0.618,0.928,0.0154,0.382,0.0
Dirty Sexy,66YlQnuqDGTnWY8R0r6sEb,0.565,0.857,0.00229,0.307,8.0
Like Toy Soldiers,1U49kGdfMaoMSBWreMVWmK,0.681,0.77,0.0192,0.397,1.0
All These Roads (feat. Zella Day and Sam Martin),7vZek3NlVeucPxCZDUnsXP,0.492,0.836,0.00906,0.228,5.0
Romance In B Minor,69G9C5hpuaf6C3tNiWEalT,0.587,0.816,0.00122,0.236,11.0
Hold You - Hold Yuh,0j55p8YRAPG8yajtNyjt6A,0.69,0.621,0.321,0.479,8.0
Breakn' A Sweat,1ShWHEgisDGPl9G3g85ANu,0.596,0.921,0.0049,0.232,11.0
Intro,0DAsxISzun85PbsqAfIzeC,0.617,0.778,0.459,0.15,9.0
Just Dance,3E5XrOtqMAs7p2wKhwgOjf,0.818,0.732,0.0335,0.664,1.0
Air,3GhntU8mCuMuW5NXHvaTOx,0.48,0.913,0.0113,0.551,1.0
Bad (feat. Vassy) - Radio Edit,6PtXobrqImYfnpIxNsJApa,0.614,0.972,0.00125,0.405,5.0
Don't Let Me Fall,3myI1o0izYfh2z9JTQzCfJ,0.543,0.73,0.00631,0.26,1.0
Heartbeat (DMNDZ Remix) [feat. Collin McLoughlin],56lxsZRixIIQppROhHiVJF,0.604,0.801,0.0155,0.236,11.0
Run Away,0jtAgYWV6XnDGdGZ1S8p69,0.676,0.895,0.0287,0.106,7.0
Ten Feet Tall,2ldAdghnrO34HPcZ0IWfTu,0.524,0.864,0.0388,0.349,0.0
Escape,2ZnAlqhqOz4pzv9xhRbTkQ,0.464,0.689,0.0627,0.121,0.0
Die Young REMIX,75Liz40xlgtL7H9vsDF9tW,0.767,0.699,0.0355,0.659,1.0
City Of Dreams - Radio Edit,54ZPmGE1uOG9IYoUBSRSp7,0.476,0.815,0.0028,0.144,4.0
Kknow Me,1aS1uzcAC14lduwuNJZjqE,0.664,0.844,0.00635,0.525,5.0
Sunlight,0Ix7doBgImhoWJfDnwezP1,0.356,0.795,0.000195,0.44,0.0
Don't Let Me Down - Illenium Remix,15BlympuVSfZFROojEMY2M,0.428,0.656,0.0751,0.35,11.0
Time Of Your Song,0u06YF4jUgdV2WmWW04NHx,0.722,0.776,0.09,0.555,2.0
Levels,09ksjcoNRqa20lCyzNsKjB,0.661,0.716,0.00423,0.368,7.0
Runnin' - Original Mix,2NTHksJm8uYdqBMQpfJA3g,0.396,0.826,0.000359,0.13,5.0
Endeavors - Original Mix,7guLELDZkib65M4na9ZPIM,0.47,0.856,0.00104,0.263,1.0
The Show Goes On,3RuyJMim9bt3uhbAPd38xJ,0.625,0.856,0.0388,0.599,7.0
Boom Boom Pow,5MeZ3VxmtSv1O8PcekvLTn,0.868,0.848,0.151,0.345,9.0
When I'm Gone (feat. Domonique Porter,3nylK2wvSiZ2ubVHDBRdqM,0.467,0.867,0.00237,0.16,0.0
The Anthem,6TVhP2a7ESba4pR5ePflRw,0.791,0.782,0.00446,0.902,10.0
Like A G6,4DvhkX2ic4zWkQeWMwQ2qf,0.352,0.843,0.00738,0.716,7.0
Shelter,3ISYGHoYnu4gos6JNMfL4z,0.276,0.796,0.00293,0.274,0.0
Breakeven,38xWaVFKaxZlMFvzNff2aW,0.63,0.698,0.173,0.518,10.0
Legacy,1wc971fXAVObXkpL8ZEqDT,0.673,0.898,0.24,0.587,9.0
All Deez,3ZFL7FPEcp5ltaffiI4dZx,0.653,0.609,0.025,0.287,2.0
Party Rock Anthem,0IkKz2J93C94Ei4BvDop7P,0.739,0.725,0.0235,0.345,1.0
Jail Bait,692f5A4htpyLA4kQJzv75A,0.56,0.509,0.000189,0.209,4.0
Make It Reign - Original Mix,1M7ojZPMj1hoZfILxc9ttf,0.719,0.942,0.00216,0.782,8.0
Testarossa,2TUimpbq8y43PwOoRraDzq,0.364,0.841,0.00291,0.123,10.0
Maad City,66DCmRl5lc7TMH1Et6XaSW,0.796,0.55,0.00309,0.333,9.0
Runaway (U & I) - Kaskade Remix,5EYmoAWIbrnrSMMkfHpJ2t,0.625,0.861,0.000939,0.443,10.0
Comin' Up,3KteDPcUSCl85cyDZiUBR5,0.515,0.726,0.0773,0.739,11.0
Earthquake,06BkD3JPBMXJ4xijGrkNzE,0.396,0.809,0.00409,0.397,2.0
In Your Arms - Radio Edit,1RsJtLNkVbCIkE6bPPM1og,0.643,0.96,0.27,0.506,8.0
Animus Vox,4c9FIjxXYYEyD9iH02fvbu,0.68,0.533,0.161,0.404,10.0
Last Chance,5bw3ANysdLNdRl8wZfunVp,0.416,0.848,0.0632,0.172,3.0
Born - Original Mix,6tuLr8B7NkM9qlhB9SG1Iz,0.493,0.799,0.00171,0.196,9.0
Bass Cannon,0x4DtbOFqoVjKUKQwFVnfg,0.674,0.883,0.00179,0.0407,6.0
Superheroes,37sINbJZcFdHFAsVNsPq1i,0.491,0.885,0.00219,0.624,3.0
Sexy Chick - feat. Akon,4MKzCHlZvkwJOQRNkdw4zq,0.811,0.654,0.055,0.744,11.0
Chasing Cars,11bD1JtSjlIgKgZG2134DZ,0.557,0.609,0.193,0.17,9.0
Pon de Replay,4TsmezEQVSZNNPv5RJ65Ov,0.768,0.641,0.000228,0.474,7.0
Gangsteppin,7dkajUeoUIlNCPOX7h6lEs,0.513,0.889,0.185,0.332,3.0
Talkin’ 2 Myself,12jQrKEmIjZ7WFETYRyqjk,0.446,0.958,0.0836,0.479,4.0
I'm So Sick,3CzOoYfw7mj5jMHGsJp9TG,0.434,0.961,8.45e-05,0.26,2.0
Dynamo - Oliver Twizt Trap Remix,0MCOr7zFLTxmtNmdY5NpS9,0.568,0.773,0.00717,0.383,0.0
Fade (feat. Zak Waters),0ZJDuC20QYwbXzHffx6N90,0.321,0.909,0.0117,0.0393,11.0
To Ü (feat. AlunaGeorge),3UgSQu6WwrXfKKDq019IHE,0.485,0.928,0.134,0.362,10.0
I Need Your Love,05SBRd4fXgn8FX7bf8BCAE,0.695,0.869,0.41,0.572,8.0
Smash The Floor - Original Mix,5S0z7MZEboNs1Zoima485G,0.712,0.764,0.000193,0.1,10.0
Really Got It,7JNtiT1CLAfy95gHRHE6WH,0.713,0.967,0.294,0.71,11.0
Raindrops - Original Full Vocal Mix,1jal6YRW76PorNdDPkxLrp,0.416,0.782,0.127,0.418,7.0
Feel This Moment,0MyiW8Cp18ZMsZJfZhbuQ0,0.668,0.758,0.0338,0.514,7.0
Bad Machine (feat. Insomnia) - Original Mix,2Aly0kBHnpKvRiKi0qSaNR,0.606,0.824,0.000799,0.43,9.0
Ruffneck - FULL Flex,5tGwVrXBhYGUIRQuQ1gvrQ,0.646,0.97,0.000244,0.334,5.0
Somebody That I Used To Know,4wCmqSrbyCgxEXROQE6vtV,0.857,0.517,0.565,0.75,0.0
Sometimes I Still Miss Her - Original Mix,2XKwzb0l1TIrOja0wgv3tT,0.629,0.668,0.000508,0.0969,0.0
Jump Ya Body - Dub Mix,3k3DZvTCSD4HKvj26dQDk8,0.734,0.969,0.0372,0.226,10.0
I Can't Stop Drinking About You - Chainsmokers Remix,56T1QA7202iW7fZes2PTUe,0.637,0.664,0.0451,0.358,3.0
Feeling Good - Bassnectar Remix,100pCH9jeWJKKyK2sYtasx,0.45,0.675,0.00157,0.212,7.0
Love Song,3mtukCAgd0mE260QcBfXAX,0.625,0.686,0.0154,0.542,9.0
Beautiful,7rv0UuxMX7CpUUwEE1jVrd,0.739,0.938,0.131,0.65,0.0
Say It Ain't So,4YPhn26bIFm2KUkL1VLzQG,0.645,0.42,0.00405,0.461,3.0
Body Body - Ishe Remix,2GjGyFLu2q3lQ128UgIY3w,0.665,0.842,7.03e-05,0.62,11.0
Viva La Vida,1mea3bSkSGXuIRvnydlB5b,0.485,0.619,0.0941,0.424,5.0
Higher Ground,0Js9hB2I66nJliPIJxzn2R,0.711,0.761,0.598,0.526,6.0
How to Save a Life,5fVZC9GiM4e8vu99W0Xf6J,0.64,0.743,0.269,0.356,10.0
Big Boss,34o2xJAVNTzoYN0o2Sd6sW,0.553,0.983,2.08e-05,0.0272,1.0
False Pretense,2ZICF8SFI5tHttaLJKMY1X,0.509,0.93,0.00137,0.764,0.0
Nothing Can Hold Us Down,4BHDBRF1AZsWUf2t7p2hoi,0.475,0.869,0.00148,0.17,5.0
Invincible - Radio Edit,5sYzg83Vy4IW4TfE9jwk8g,0.613,0.775,0.00678,0.385,6.0
Assets,6434Cyt3VkOxroedmysIHO,0.719,0.801,0.00116,0.839,0.0
Soundclash,1CHcv3ENgWTEkTUayOBShJ,0.686,0.969,0.214,0.805,11.0
Pushing Me Away,1gAaRSN57UYVRI4eWRyAvP,0.494,0.906,0.000444,0.306,6.0
Fireflies,3DamFFqW32WihKkTVlwTYQ,0.591,0.649,0.0294,0.482,3.0
Superbad,3LK9g77hd41jzbGh1Etj44,0.535,0.928,0.000241,0.613,7.0
Rescue Me (feat. Juliana Chahayed) - Original Mix,2AoML94KKYaZM5G15wYP82,0.667,0.94,0.00209,0.293,5.0
Broken Box,7dgBw1mnStvpia3BYkFIcK,0.778,0.648,0.0127,0.475,1.0
Pop Style,334S9SWZMjyRDN0wrHw7wk,0.721,0.461,0.173,0.0566,4.0
First Time,40Fp6pxcS9l08kL1R50mR4,0.441,0.949,4.44e-05,0.447,3.0
Flesh and Bones,7wAtUSgh6wN5ZmuPRRXHyL,0.612,0.578,0.0544,0.486,8.0
Some Wobbles,3GLXFIHck82iqnWqhnm03n,0.581,0.799,0.00393,0.35,7.0
Levels - Skrillex Remix,5f6igUw1asUL4AGXSvgTW8,0.615,0.91,0.00761,0.347,5.0
Never Say Never,57uX2vR9j9DNiANDYfXw1i,0.23,0.492,0.568,0.254,8.0
Fly Away,2q04AFjRX4GKTnFj2eUb5W,0.556,0.732,0.12,0.201,6.0
Remember The Name (feat. Styles Of Beyond),3VrI4JYoS75hyLPwG6Z9tn,0.687,0.805,0.0661,0.893,8.0
Crew Love - Album Version (Edited),5baEkEUsvAaRqteAPtlNdE,0.406,0.545,0.302,0.374,0.0
Mind Control,4YDbInqb45jMFzloEAG531,0.629,0.895,0.00181,0.537,1.0
All I Want - Amended,0nM7Kb7F9PvGB9W0mLbqlX,0.366,0.852,0.000323,0.514,1.0
Drive It Like You Stole It,0Dz49qemTOjX9RcPZzIl2q,0.608,0.68,0.106,0.424,5.0
Replay,5vlEg2fT4cFWAqU5QptIpQ,0.706,0.751,0.173,0.189,9.0
Stop And Stare,48s0QHJgmiNsth3WEO6U4M,0.488,0.862,0.0706,0.253,4.0
The Hero - Original Mix,5GxnELiWZLV5v3mOglIlMP,0.16,0.901,0.00158,0.457,6.0
Little Talks,3a2tuvXCHbW5nuUckuHkKT,0.46,0.786,0.0215,0.419,1.0
In The End,60a0Rd6pjrkxjPbaKzXjfq,0.553,0.9,0.0113,0.397,3.0
Just Dance - RedOne Remix,7sm1xuahSGG5qFa9pFXWVs,0.893,0.812,0.0034,0.815,4.0
I Love It When You Cry (Moxoki) - Radio Edit,6vscP7Fweq7fwosyliwjRq,0.639,0.795,0.0246,0.438,9.0
Outside,7MmG8p0F9N3C4AXdK6o6Eb,0.646,0.823,0.213,0.391,2.0
Club Can't Handle Me (feat. David Guetta),0xcl9XT60Siji6CSG4y6nb,0.623,0.882,0.0205,0.523,0.0
Falling In,21tN4jr0QFNyin6YgO9jvm,0.652,0.853,0.00133,0.523,7.0
Between Two Points (feat. Swan),6Po0JDs8vPuZOCF7RLbtUE,0.528,0.685,0.133,0.233,6.0
Slap Me - Candyland Remix,3utPGuiv05PqnGyJ5PlGLD,0.319,0.782,0.0321,0.299,6.0
River Flows in You - Dubstep Remix,0QwD6Dv9PdUKj2scIciAgu,0.74,0.642,0.242,0.395,9.0
Now (feat. Rye Rye),05XsaFSfkfX1gp1B8McXen,0.533,0.952,0.0246,0.515,7.0
The Middle,3mcG2NI5G5vhrQtRda1YnA,0.633,0.899,0.0428,0.919,2.0
Stan,65pX1V69TGPSYKI8F76Nby,0.767,0.709,0.0391,0.495,11.0
Lucid Truth,1nNPLcueemE7gIoBqsYUTT,0.641,0.913,0.0402,0.342,10.0
Safe And Sound,6Z8R6UsFuGXGtiIxiD8ISb,0.656,0.821,0.000194,0.773,0.0
Dying feat. Ultraviolet Sound & Emily Hudson (Brown & Gammon Remix),0MHRDZ9sbEWl46lhK9lyN1,0.639,0.688,0.000478,0.232,5.0
'Till I Collapse,6p4SUKhIyPqbmU828M0JWD,0.559,0.84,0.0706,0.113,1.0
Bulletproof,6zcWUhRicjiDYvvLmRDjD6,0.581,0.818,0.00128,0.3,5.0
Down,7LP4Es66zdY7CyjepqmvAg,0.663,0.693,0.0149,0.696,11.0
Nothing,0c3yfC8zMRJGvmqphczhZb,0.473,0.833,0.00369,0.517,2.0
Make Some Noise - Original Mix,63wmAgmkYuzSL2Fg8GaGRy,0.635,0.784,0.000602,0.206,4.0
Reaching Out,1zknwaZrdR0Z3nvUbVFFEb,0.448,0.85,0.000443,0.0893,9.0
That's All She Wrote (feat. Eminem),4UwtMoKBvYi0mMbH2ZI3uB,0.496,0.785,0.0328,0.341,7.0
Voices - Markus Maximus TRAP Remix,6Nr3yqX7OeSIlvuxCqxx2A,0.642,0.771,0.0111,0.237,6.0
You & Me (feat. W. Darling),3x94KfC5QAsqFKjUGQBH4k,0.495,0.743,0.000748,0.148,7.0
So Big,2eahNyQXJ0OtG6e1McsQ9N,0.727,0.691,0.139,0.609,6.0
Crave You - Adventure Club Remix,42JC7XjdRGOVOKOZK4tvcX,0.624,0.728,0.0054,0.105,1.0
Dum Dum,7sUoGRGkDisk3qNAzugUxN,0.787,0.81,0.0596,0.606,5.0
Stay The Night - featuring Hayley Williams of Paramore,3xozZw4YNCv777ONrbdHsy,0.6,0.728,0.109,0.441,8.0
Feeling So Blue - Album Mix,1LEwexed2UkyzWa9nouvRW,0.567,0.893,0.00172,0.743,1.0
International Love,5o9JV34izXSnaKVyMjaMdE,0.669,0.858,0.0113,0.624,0.0
Tidal Wave,2OXK1ShksXD51tOLsE0E7s,0.532,0.868,0.0502,0.509,5.0
Reasons feat. Andrew Allen,3dHC2M7GPFB0iNk64foCxj,0.82,0.705,0.0412,0.81,7.0
Hey Brother,4RXpgGM7A4Hg7cFBoH5KyF,0.537,0.777,0.0279,0.412,7.0
Promises - Skrillex & Nero Remix,04ZBBOl3AoCBY1A3CTKZLn,0.533,0.835,0.00378,0.18,9.0
Diesel Not Petrol,4avinp5hlc6W1wtAtqPaHH,0.813,0.723,0.00989,0.652,7.0
Demons,1Ntj0hZfncXCQ5hij7igIE,0.319,0.72,0.173,0.34,3.0
Heathens,6i0V12jOa3mr6uu4WYhUBr,0.732,0.396,0.0841,0.547,4.0
Sail - Unlimited Gravity Remix,7qAWdfgvuDJQlhjppYtAfA,0.583,0.47,0.18,0.424,1.0
No Beef,2o1F0b0NCGabe7BbLNqe5J,0.74,0.828,0.0194,0.227,4.0
Must Be The Feeling - Flux Pavilion & Nero Remix,3BVAGwQGSiWXpIWx8QbMvP,0.286,0.92,0.00121,0.0429,3.0
"Wild One Two - feat. David Guetta, Nicky Romero & Sia",5MnkhumYJRLvLdEzIqkfWy,0.703,0.684,0.00164,0.222,8.0
I Gotta Feeling,72np30cEzvqzxAUG5mrhyT,0.741,0.756,0.0803,0.603,0.0
The Island - Pt. I (Dawn),1Thv8uCYzyOFC7PME9J936,0.578,0.893,6.15e-05,0.37,9.0
Hold On To Love - KillaGraham Remix,3ppoJQy0LRWhYE3WLi0c06,0.538,0.883,4.88e-05,0.147,1.0
Cantina Boys,3jKK4kpTJEnTX5oQt0Hokj,0.637,0.963,0.139,0.402,4.0
Honors - Radio Mix,1sesMhxAfFULBsdoX4DZar,0.514,0.871,0.00367,0.0964,11.0
1985,4UuHWIkAWnN176A2rx7YFB,0.607,0.878,0.000246,0.852,4.0
Hotline Bling,6nmz4imkDcmtwMjocAzFSx,0.896,0.623,0.00257,0.564,2.0
Embrace Me (Dirty South Remix) (feat. Urban Cone & Lucas Nord),0278f6vHdxZZ944DSpQcss,0.678,0.669,0.0161,0.318,8.0
Calling (Lose My Mind) - Radio Edit,5Sey3HgGa6KB46mlOyCClZ,0.412,0.871,0.0124,0.132,1.0
Flashing Lights,4efFlbKkwXq3rrMF5RODaI,0.537,0.802,0.0266,0.243,4.0
Roses - Zaxx Remix,5KK05UNvYyH2QMyBlHGKtW,0.677,0.881,0.00445,0.53,1.0
Oh Miah,4JNpKcFjVFYIzt1D95dmi0,0.753,0.532,0.267,0.334,0.0
I Need A Doctor - Edited Version,3G1Na74xxuAhiWLyXDPCFN,0.586,0.93,0.108,0.483,7.0
Doppler,3yoNx32KYIWl6usnkZ7cBR,0.442,0.892,0.00442,0.206,1.0
Cutting Through,3eKoLbxkNhAINXr22jjv7E,0.389,0.868,1.29e-05,0.23,8.0
Solo,3fV2ZnSsxgvXUHshkGCBdR,0.73,0.728,0.197,0.693,11.0
Look At Me Now,2mZ443lCnqMrXDq4BTPrmx,0.735,0.702,0.0499,0.566,2.0
Magnetic Eyes - Extended DJ Mix,5eAEsCesAEVhOFh1jg0QH3,0.471,0.913,0.0381,0.681,7.0
Unwell,6Bm6qUCSatPAqkQllFL7oA,0.256,0.788,0.0298,0.429,6.0
Pop That,4hTxIV6k75MFWANXd6cE9c,0.74,0.923,0.0759,0.584,6.0
Lies,5PZN2lQL8IusNEc8L5BeeW,0.588,0.446,0.00702,0.11,0.0
Headstrung,2kvYZwZtyps4eyzlue0RmC,0.815,0.714,0.00148,0.87,6.0
I Remember - Strobelite Mix,1qnJYRDhTV4GGMtbLTWtNR,0.672,0.57,0.0561,0.51,11.0
Something Better,33lXq3csEWwYNn6x0sM3Et,0.561,0.837,0.0616,0.436,2.0
Rock N' Roll [Will Take You To The Mountain],2TkoUq8sPXmc4KYzKBiTWT,0.713,0.971,0.00228,0.679,0.0
Wild Ones (feat. Sia),5Z7ygHQo02SUrFmcgpwsKW,0.624,0.889,0.101,0.457,5.0
Radioactive,4G8gkOterJn0Ywt6uhqbhp,0.478,0.799,0.126,0.201,9.0
H-Town Legends,77pN4lbCtxyPOWp1iUGev4,0.663,0.828,0.00337,0.124,8.0
Over My Head (Cable Car),1N62wozuHCvczCkY4QidpP,0.592,0.729,0.022,0.7,8.0
All Around Me,7k9iVpyeR5ybSPSkvmAP6K,0.479,0.884,0.0338,0.447,9.0
Derezzed - Remixed by The Glitch Mob,4lteJuSjb9Jt9W1W7PIU2U,0.299,0.513,0.07,0.158,8.0
Spaceman - Drown The Fish Remix,4SI2dtAqzrNFze8JrSzl4o,0.651,0.893,0.000316,0.294,11.0
Lockjaw,7iaw359G2XT14uTfV9feip,0.615,0.648,0.0411,0.268,5.0
Guilt,4TYywuf1tdUdbEuDI1nqsg,0.208,0.865,0.00603,0.148,5.0
Magic (feat. Rivers Cuomo),5LLTVSXK5qzEguVHcUNddw,0.549,0.932,0.0127,0.782,8.0
Billionaire (feat. Bruno Mars),16Ldvr8SKdenSlADkLsdYF,0.597,0.752,0.266,0.579,6.0
Ghouls - Tha New Team Remix,4lV3dZCapT3CSrKFpPlAQX,0.481,0.87,0.000144,0.401,1.0
Staxx - Original,5e4VwyOKgbNeUNxHbskYbA,0.516,0.979,0.00167,0.224,7.0
GDFR (feat. Sage The Gemini & Lookas),6N9ZOtguCnnrvwH7zD82WJ,0.657,0.827,0.000704,0.698,5.0
Kill EVERYBODY - Bare Noize Remix,4XCHizdk3YrzdveEOAGpob,0.594,0.947,0.00133,0.377,0.0
Strobe - Radio Edit,0DIekYoiwwr1kkTUGmQlSL,0.656,0.662,8.12e-05,0.0748,8.0
E.T. - Benny Benassi Radio Edit,664fvVG2C15AoBlbmpig3p,0.534,0.633,0.05,0.175,5.0
Jump (feat. Nelly Furtado),4uGucgzv0ydi35DgAlsTQ4,0.731,0.813,0.00439,0.509,6.0
Marvins Room,2z3htsNRuhDN923ITatc56,0.488,0.262,0.672,0.329,9.0
Clarity,60wwxj6Dd9NJlirf84wr2c,0.514,0.776,0.0371,0.208,8.0
Running All My Life,17Y9SoJ1xGkDfgU4yEatcv,0.553,0.977,5.14e-05,0.483,0.0
Bet I (feat. T.I. & Playboy Tre),1E89oHk8UPuf3TuqLgSmLe,0.826,0.89,0.102,0.96,6.0
Airplanes (feat. Hayley Williams),12rVL9zxkLUrInr6sg8gwX,0.66,0.846,0.113,0.406,6.0
Back To Love,5MA073FFuaaP8TB26zKCVh,0.601,0.843,0.00591,0.369,6.0
Psychedelic Stereo,3BBiaTLrwRlSkozCTFtrsT,0.482,0.484,0.0013,0.158,9.0
Sing For The Moment,7IyXyFc3fxucKLIJF0ZSVF,0.672,0.81,0.00166,0.18,5.0
One Day - New Album Version,0nCZDQrlWA149QdGTdlsFU,0.346,0.61,0.198,0.237,0.0
Freeway,1EgfPl1osFYIiERvafvNiT,0.459,0.622,0.05,0.202,10.0
Rocketeer,45sDIKapDyxPl307QpEAwl,0.666,0.819,0.166,0.413,4.0
Eyes on Fire - Zeds Dead RMX,4oZNnBytvWrddsoaFPO4RD,0.567,0.725,0.00926,0.292,11.0
Drop It Like It's Hot - Album Version (Edited),18UhvUi9FjHtoTgnqX7kbl,0.903,0.55,0.217,0.647,1.0
Bad Wings,5brviRvO3ZIDvdF0dED9wC,0.631,0.684,0.0138,0.23,7.0
Live Your Life - feat. Rihanna,6K4m7PJo8RiM1KZmgexYtg,0.434,0.861,0.0582,0.484,11.0
By Your Side,7lXCT5xxTVOJAu11FOF8PS,0.914,0.624,0.0866,0.626,0.0
Fortune Soul,5UjcApkWuX7xpURwJiq6pJ,0.514,0.662,0.0621,0.164,5.0
Save the World - Radio Mix,65hRZOQkVjmBdusz1N7aOv,0.507,0.665,0.0144,0.406,0.0
Hush Now (501 Remix),0GZrf19S4472ysky5ODe2c,0.558,0.816,0.0115,0.0767,0.0
Strange Behaviour - Original Mix,3WyXP15dqzhKtfcjqX1vsj,0.586,0.813,0.0631,0.336,6.0
Hero,4CbKVDZkYKdv69I4bCaKUq,0.533,0.967,0.00791,0.786,1.0
Donald Trump,2cAmsZQwOuWBFhdBr0Za9C,0.641,0.911,0.0792,0.792,1.0
This Is What It Feels Like,6NdkzOSCLzmyV9Qc4DKhJ2,0.551,0.827,0.109,0.171,8.0
New Divide,6Wx88Mv6b9ofjKMKkdwOJd,0.493,0.808,0.000235,0.369,5.0
Playing In The Shadows,60ceiIgn9hOThpY9yNWO8q,0.585,0.861,0.157,0.179,2.0
Every Teardrop Is a Waterfall,2U8g9wVcUu9wsg6i7sFSv8,0.425,0.733,0.00193,0.319,9.0
Left Field,69VrLPTdOduu3unsJfJN9H,0.854,0.673,0.00268,0.238,9.0
Bad Guy,2wkQT8QYhs1i8BwjuOzz4w,0.605,0.789,0.0517,0.34,1.0
Keep It Mello (feat. Omar Linx),0Q3SC6kEhxYagDP3bFe5K9,0.686,0.888,0.00134,0.114,1.0
Big Rings,3dnM2j3WBCn2biJgiuxhnB,0.642,0.676,0.00219,0.293,8.0
Sweet Nothing - Diplo + Grandtheft Remix,35Zv0HFPaXFfkZg32R84OH,0.401,0.956,0.308,0.25,8.0
Set Yourself Free,6jOMH6cDBx6vT434E4FwDB,0.499,0.892,0.000644,0.249,8.0
Bass I Love You,3W0LmKIdN2ZiXljrbLgcjA,0.66,0.666,0.0191,0.0715,1.0
Superior,7tf63j8xFrQz0hwtWsxVfA,0.592,0.985,0.133,0.0873,8.0
Steal You Away - Radio Edit,5RajHpEDFnsLHmTkBpye9M,0.555,0.746,0.0171,0.21,6.0
Hotel Room Service,6Rb0ptOEjBjPPQUlQtQGbL,0.851,0.629,0.00705,0.771,1.0
Ego Killer - Bassnectar & Timeline Remix,7bTDpfwH9z5WSbgAQKwhc1,0.586,0.947,0.00163,0.129,4.0
Run Riot - Sub Zero Remix,5TtPEFYnYlzEbEsA5nHJYq,0.463,0.992,0.000221,0.185,1.0
You Make Me Feel... - feat. Sabi,16Of7eeW44kt0a1M0nitHM,0.668,0.857,0.0191,0.746,7.0
The Calm - Album Version (Edited),2Zb4HgZEvWfnBDGgC0Lnc0,0.466,0.629,0.81,0.25,11.0
One Step Closer,3K4HG9evC7dg3N0R9cYqk4,0.492,0.969,0.0014,0.534,9.0
Embrace,5QjmOXFMKg9QOn9OWmkWDj,0.627,0.591,0.0535,0.0713,1.0
Doomsday,3ziKJoRHiJsaoTaeBYCJBA,0.327,0.839,0.0003,0.138,6.0
Years - Radio Edit,5pVk15sR3OgIeKBKqG9jWw,0.377,0.825,0.00198,0.333,2.0
Best I Ever Had,0fGaSr02YXbdVmcy0PNtfW,0.454,0.84,0.107,0.496,1.0
Fools Rhythm,7nBFCwnYqgmNOOS5PrTlfN,0.589,0.82,0.000605,0.519,2.0
Whatever You Like,20ST7nHN4H0VCNYOGanEqO,0.681,0.628,0.0289,0.497,0.0
Little Moment,3uHKcFj0kpC6F7HnZpgQ96,0.62,0.804,0.0507,0.576,1.0
Dark Horse (Dubstep Remix),5Xq4pohu7lgwVDTIoybFKR,0.536,0.779,0.0749,0.354,10.0
One In A Million,0TNeJWS27u6zKUFJ4HBHGH,0.601,0.832,0.0316,0.204,4.0
Titanium (feat. Sia),77TT8Xvx637TpzV8kKGkUw,0.599,0.803,0.069,0.254,0.0
"With You, Friends [Long Drive]",1aF6jpITT6RzPxrYsZJeIm,0.366,0.572,0.343,0.365,2.0
The Hardest Mistakes [Popkong Mix] [feat. Cassadee Pope],5JWpYWuGnK4Jy2KQpqRFRh,0.439,0.873,0.000544,0.175,9.0
DIY,3yzTHAsG7KsYbf4G9RfF5m,0.386,0.868,4.78e-05,0.0381,7.0
The Only Exception,7JIuqL4ZqkpfGKQhYlrirs,0.452,0.563,0.144,0.213,4.0
Wherever You Will Go,5QpaGzWp0hwB5faV8dkbAz,0.558,0.719,0.0367,0.367,2.0
We Go Down,5QxkroIQPiY8UKgSFFuYQd,0.545,0.927,0.011,0.416,1.0
Piercing Light (feat. Mako),50cSs6d03KV85oKytBmin9,0.274,0.609,0.246,0.354,2.0
What They Want,0AjrdcjDF0nrsoTzOFdXUv,0.827,0.419,0.448,0.457,1.0
The Man Who Can't Be Moved,4Musyaro0NM5Awx8b5c627,0.609,0.629,0.425,0.343,10.0
Mirror,7GDvbciPx1FfglvYxYRYaR,0.369,0.637,0.875,0.335,5.0
Rollup,1hzOfODGyHGSmZxP8c9NEu,0.644,0.855,0.0849,0.2,2.0
Love The Way You Lie,4k5Rb51qsUSMFg6oFdVC48,0.638,0.935,0.227,0.651,10.0
Get The Money,1VpqFON7eeE13IbSbRJ8Ic,0.784,0.417,0.224,0.0391,9.0
Still Here,0tLknbTxOVQxJvbCzQ2PSZ,0.838,0.429,0.032,0.235,0.0
Numb,2nLtzopw4rPReszdYBJU6h,0.493,0.856,0.00366,0.218,6.0
No Biggie 2012 ft. Maggie,2YMat1AJPpHKoJmwKRjkZn,0.765,0.657,0.0281,0.699,11.0
Lean On,4KcVVhAaHxqtX2ANt4b3tc,0.713,0.79,0.00339,0.302,7.0
When I Look At You,3gB0inHWfzACc0wjolOdpa,0.547,0.737,0.00031,0.039,4.0
Where's My Money - Caspa Remix,2jqLbIM6WiNFtzwePhduS7,0.794,0.805,0.0229,0.0899,8.0
Youth - Adventure Club Remix,46F2qArLwz8WT1qJ2bNRfR,0.53,0.55,0.00747,0.21,0.0
Core - Original Mix,2KU0RHzEYq8GLwDTyimWGr,0.532,0.949,0.00168,0.596,0.0
Without Me,7n8eZAUj6vevNQZ0EF3OH0,0.926,0.626,0.00301,0.663,7.0
Avaritia,2KNsflubHgQQJJ1KEGvFNv,0.756,0.727,0.0229,0.0316,2.0
Uptown - Album Version (Edited),12g1tPYQQOsRVi0ubtea0k,0.547,0.787,0.00336,0.368,1.0
Earthquake - Full Version,3SxiAdI8dP9AaaEz1Z24mn,0.541,0.856,0.11,0.261,0.0
You And Me,7L605WhF5EGf34ggj87yK6,0.461,0.446,0.1,0.35,7.0
